############################################################
#              Magnetic Field Components
############################################################
#   8 Fields
#     (1) Date in decimal years
#     (2) Declination in decimal degrees
#     (3) Inclination in decimal degrees
#     (4) Horintensity in nanoTesla (nT)
#     (5) Totalintensity in nanoTesla (nT)
#     (6) Xcomponent in nanoTesla (nT)
#     (7) Ycomponent in nanoTesla (nT)
#     (8) Zcomponent in nanoTesla (nT)
# NOTE: The first row is change per year in degrees or nanoTesla (nT);
# NOTE: The second row is uncertainty in degrees or nanoTesla (nT):
#
#   Magnetic Model: WMM-2020 (calculator version 0.5.1.11)
#   Elevation: 0.03900 km Mean Sea Level
#   Latitude: -37.80320 degrees, Longitude: 144.96144 degrees 
############################################################
change/year,0.04234,-0.01543,-13.6,3.9,-16.6,13.0,-9.5
uncertainty,0.37,0.21,128.0,145.0,131.0,94.0,157.0
2020.71311,11.7358,-68.72738,21767.1,59996.4,21312.0,4427.4,-55908.5
